{"IoU":{"0":0.7748036981,"1":0.8433947563,"2":0.8545547128,"3":0.8609353304,"4":0.8638963699,"5":0.8672882915,"6":0.8694291711,"7":0.8716334701,"8":0.8733696938,"9":0.8738596439,"10":0.8753820658,"11":0.8761169314,"12":0.8774206042,"13":0.8779872656,"14":0.8788852692},"loss":{"0":0.0534206211,"1":0.0363407194,"2":0.0336772744,"3":0.032152484,"4":0.0313337704,"5":0.0305260331,"6":0.0301710125,"7":0.0296079767,"8":0.0293056607,"9":0.0289783845,"10":0.0287840465,"11":0.0284928284,"12":0.0282929854,"13":0.0281410422,"14":0.02789071},"val_IoU":{"0":0.8613751531,"1":0.837800622,"2":0.8469350338,"3":0.8554087281,"4":0.8618558049,"5":0.8686639071,"6":0.8599157333,"7":0.8841689229,"8":0.876218915,"9":0.8819023967,"10":0.8935009837,"11":0.8658224344,"12":0.8554689884,"13":0.8679087758,"14":0.8745536208},"val_loss":{"0":0.0408255744,"1":0.0358331207,"2":0.0343859568,"3":0.0331590962,"4":0.0324160834,"5":0.0316154068,"6":0.0314569313,"7":0.0312832498,"8":0.0309360938,"9":0.0309566622,"10":0.0305853903,"11":0.0307838108,"12":0.0303240313,"13":0.0304591686,"14":0.0299919828}}