{"IoU":{"0":0.5851832628,"1":0.6823358536,"2":0.7091937661,"3":0.724034667,"4":0.7318293452,"5":0.7376686335,"6":0.7383930683,"7":0.7430018783,"8":0.7441843748,"9":0.7479007244,"10":0.7480213046,"11":0.7484315634,"12":0.7519788146,"13":0.7517377138,"14":0.7540783286},"loss":{"0":0.0773534647,"1":0.0552684069,"2":0.0476010789,"3":0.0433861685,"4":0.0414531467,"5":0.0398635866,"6":0.0394032608,"7":0.0383519442,"8":0.03788551,"9":0.037324181,"10":0.0368971966,"11":0.0366718322,"12":0.0359388173,"13":0.0359428104,"14":0.035198147},"val_IoU":{"0":0.6566287279,"1":0.6971589923,"2":0.7195076346,"3":0.7556818128,"4":0.7410984635,"5":0.7272728682,"6":0.7303030491,"7":0.7422347665,"8":0.7439394593,"9":0.7420454025,"10":0.7498105764,"11":0.7318181992,"12":0.7287878394,"13":0.7327652574,"14":0.7560605407},"val_loss":{"0":0.0621269655,"1":0.0498154232,"2":0.0450036751,"3":0.0425713923,"4":0.0402745222,"5":0.0397710927,"6":0.0392789196,"7":0.0382322959,"8":0.0377135906,"9":0.0384145774,"10":0.0367491601,"11":0.0374392969,"12":0.0372428826,"13":0.0358491599,"14":0.0369251542}}