{"IoU":{"0":0.65625,"1":0.7495191693,"2":0.7850481272,"3":0.80293262,"4":0.8151442409,"5":0.8277404308,"6":0.835288167,"7":0.8385580182,"8":0.8447116613,"9":0.8478847146,"10":0.8519710302,"11":0.852884531,"12":0.8535574675,"13":0.8558170199,"14":0.8595192432},"loss":{"0":0.0811579282,"1":0.0612387475,"2":0.0519060134,"3":0.0472778703,"4":0.0438077822,"5":0.040337731,"6":0.0381776257,"7":0.0375141551,"8":0.0358749683,"9":0.0352561681,"10":0.0344391183,"11":0.0338015129,"12":0.0335627775,"13":0.0329901427,"14":0.0325347831},"val_IoU":{"0":0.7518382072,"1":0.7834559083,"2":0.790073514,"3":0.7970588207,"4":0.809191227,"5":0.8367647529,"6":0.7838235497,"7":0.8382353187,"8":0.798897028,"9":0.8261029124,"10":0.8172793388,"11":0.8540441394,"12":0.8360294104,"13":0.8360294104,"14":0.8676469922},"val_loss":{"0":0.0669936662,"1":0.0585800838,"2":0.0513776876,"3":0.0494067251,"4":0.0442982104,"5":0.0447575111,"6":0.0486256669,"7":0.0402061711,"8":0.039815809,"9":0.0388590125,"10":0.0384033564,"11":0.038433618,"12":0.0378121086,"13":0.0385245569,"14":0.0379962875}}