{"IoU":{"0":0.6841578484,"1":0.7608516812,"2":0.7788252234,"3":0.7874047756,"4":0.792702198,"5":0.796241343,"6":0.799714148,"7":0.8016638756,"8":0.802865386,"9":0.8046309948,"10":0.8066013455,"11":0.8072316051,"12":0.80811131,"13":0.8090708852,"14":0.8102577329},"loss":{"0":0.0625658431,"1":0.0431945541,"2":0.038986555,"3":0.0373319576,"4":0.0361689944,"5":0.0354258816,"6":0.0347777583,"7":0.0343304363,"8":0.0340093071,"9":0.0335687501,"10":0.0332745311,"11":0.0330514552,"12":0.0328902102,"13":0.0326458158,"14":0.0324679469},"val_IoU":{"0":0.7683410645,"1":0.7712032795,"2":0.7435160875,"3":0.7515186071,"4":0.7574766874,"5":0.8137267828,"6":0.8065419197,"7":0.762558639,"8":0.8477219939,"9":0.8318340182,"10":0.8063085675,"11":0.7922312021,"12":0.8143110275,"13":0.8333526254,"14":0.7883176208},"val_loss":{"0":0.0470374194,"1":0.0392095316,"2":0.0382362173,"3":0.0382290195,"4":0.0357793014,"5":0.0348464216,"6":0.034346328,"7":0.0348118528,"8":0.0352526516,"9":0.0338226396,"10":0.0335594246,"11":0.0340092066,"12":0.0334578758,"13":0.0340405627,"14":0.0332122678}}