{"IoU":{"0":0.7429757118,"1":0.8072859049,"2":0.8183275461,"3":0.8240764737,"4":0.8277257681,"5":0.8301798701,"6":0.8330667615,"7":0.8343214393,"8":0.8363443017,"9":0.8376739621,"10":0.8386846781,"11":0.8392158151,"12":0.839512527,"13":0.8407759666,"14":0.841719985},"loss":{"0":0.0551165872,"1":0.0389342793,"2":0.0362641966,"3":0.0348990268,"4":0.0341759558,"5":0.0335221513,"6":0.032962989,"7":0.0325909344,"8":0.0320504549,"9":0.0317848301,"10":0.0315845584,"11":0.0315113854,"12":0.0312144857,"13":0.031033245,"14":0.0308228612},"val_IoU":{"0":0.7759431601,"1":0.8232117295,"2":0.8239815831,"3":0.8411689997,"4":0.8364294767,"5":0.8282117844,"6":0.8255150914,"7":0.8434606791,"8":0.8453357816,"9":0.85210675,"10":0.8385124803,"11":0.8194100261,"12":0.8424187899,"13":0.8295024633,"14":0.802025497},"val_loss":{"0":0.0389185229,"1":0.0354305527,"2":0.0349296715,"3":0.0331087364,"4":0.0326110516,"5":0.0319553191,"6":0.0320698095,"7":0.0316897353,"8":0.0318540254,"9":0.0313721349,"10":0.0307690141,"11":0.030611097,"12":0.0305332377,"13":0.0302979841,"14":0.0312055269}}